name,alpha,beta,gamma,slo_rate,avg_interference,ir_gt_1,ir_gt_1_25,ir_gt_1_5,limited_ratio,drop_rate,limiter_events_per_task
baseline,0.85,0.9,0.8,0.5671929824561404,0.976695249861512,0.5462695705414151,0.009708737864077669,0.0048543689320388345,0.08157894736842106,0.42947368421052634,430.6235294117647
minus10pct,0.765,0.81,0.7200000000000001,0.5426315789473684,0.9600204761110052,0.4628552355521648,0.00510204081632653,0.00510204081632653,0.07035087719298246,0.45403508771929824,365.3058823529412
plus10pct,0.935,0.9900000000000001,0.8800000000000001,0.5619298245614035,0.9735655982905982,0.542022792022792,0.014245014245014245,0.0,0.08947368421052632,0.4347368421052632,496.85
