coeff_set,alpha,beta,gamma,load,seed,slo_rate,drop_rate,limited_ratio,ir_gt_1,ir_gt_1_25,ir_gt_1_5
baseline,0.85,0.9,0.8,150,7,0.6133333333333333,0.38,0.1,0.5339805825242718,0.019417475728155338,0.009708737864077669
baseline,0.85,0.9,0.8,190,7,0.5210526315789473,0.4789473684210526,0.06315789473684211,0.5585585585585585,0.0,0.0
minus10pct,0.765,0.81,0.7200000000000001,150,7,0.58,0.41333333333333333,0.09333333333333334,0.5612244897959183,0.01020408163265306,0.01020408163265306
minus10pct,0.765,0.81,0.7200000000000001,190,7,0.5052631578947369,0.49473684210526314,0.04736842105263158,0.3644859813084112,0.0,0.0
plus10pct,0.935,0.9900000000000001,0.8800000000000001,150,7,0.6133333333333333,0.38,0.1,0.5192307692307693,0.019230769230769232,0.0
plus10pct,0.935,0.9900000000000001,0.8800000000000001,190,7,0.5105263157894737,0.48947368421052634,0.07894736842105263,0.5648148148148148,0.009259259259259259,0.0
